,text,truth,classification,a,b
0,Each nation knows best how to manage its resources and economy without external interference.,b,b,0.3708170862827981,0.6291829137172019
1,"The loss of arable land to desertification is a growing concern, threatening food security for millions.",a,a,0.5221841981860458,0.4778158018139542
2,It's only fair that those who pollute the most should pay the most to mitigate the environmental damage.,a,a,0.516057050888044,0.48394294911195607
3,"The extra costs from carbon pricing will just be passed down to consumers, hitting lower-income people the hardest.",b,b,0.30654316215426713,0.6934568378457329
4,"Until renewable energy can guarantee the same level of reliability as fossil fuels, it's not a viable primary energy source.",b,a,0.5246927246531323,0.47530727534686773
5,The unprecedented rate of ice melt we're seeing today is directly linked to human-caused global warming.,a,a,0.7225566786377431,0.27744332136225697
6,The focus of youth activism on idealistic goals can detract from the complex trade-offs required in policy-making.,b,b,0.3101853013248951,0.6898146986751049
7,"As the ice caps continue to melt, the resulting rise in sea levels poses an imminent threat to coastal communities worldwide.",a,a,0.6436123543352559,0.3563876456647442
8,"The nutritional quality of food is declining due to the increased levels of carbon dioxide, affecting human health.",a,a,0.695318423431653,0.304681576568347
9,Green tech investments could end up being a massive waste of resources that could have been used elsewhere.,b,b,0.29095333698742,0.70904666301258
10,Investing in renewables is crucial for the sustainability of our planet and for preventing further environmental damage.,a,a,0.7478156664067008,0.25218433359329917
11,Transitioning to a plant-based diet is one of the most effective actions an individual can take to fight climate change.,a,a,0.6752239662030619,0.32477603379693804
12,The focus on environmental regulations is hindering our economic development and job creation.,b,b,0.2742926995885071,0.7257073004114929
13,"Delaying the shift to renewable energy sources will result in more severe climate disasters, which will be much costlier.",a,a,0.5632859341441226,0.43671406585587735
14,Renewables like solar and wind have a much lower environmental impact compared to traditional energy sources.,a,b,0.363933616371963,0.636066383628037
15,"Without government intervention, the transition to renewable energy will be too slow to prevent the worst impacts of climate change.",a,b,0.49149884352366024,0.5085011564763398
16,"By internalizing the cost of carbon emissions, we can transition to a cleaner economy more smoothly.",a,a,0.7396019487048171,0.26039805129518295
17,Media sensationalism around climate change often overlooks the complexity of the issue and the solutions.,b,b,0.4022913848671693,0.5977086151328307
18,They have been instrumental in making climate change a central issue in political debates worldwide.,a,b,0.49853428366619645,0.5014657163338035
19,"Predictions about the ice caps melting completely have been around for decades, yet we still see ice at the poles.",b,b,0.4977478885038731,0.5022521114961269
20,Renewable energy subsidies are a waste of taxpayer money that could be better spent elsewhere.,b,b,0.30869138237967664,0.6913086176203234
21,Economic development not only addresses immediate poverty concerns but also builds long-term resilience to climate change.,b,b,0.43873541777465297,0.561264582225347
22,"Transitioning to renewable energy can also reduce air and water pollution, benefiting public health.",a,a,0.6835067066863856,0.3164932933136144
23,Wildfires are complex phenomena that cannot be explained by climate change alone.,b,a,0.5027827821458409,0.49721721785415907
24,Scientific data shows a clear link between CO2 emissions from human activity and global warming.,a,a,0.6260515123761008,0.37394848762389915
25,"The economic impact of these climate change laws will be devastating, especially for small businesses.",b,b,0.28513879525190533,0.7148612047480947
26,"Satellite images over the years clearly show the alarming rate at which the ice caps are melting, proving global warming is a real threat.",a,a,0.6794901790580099,0.3205098209419901
27,"Current rates of climate change are unprecedented, threatening the survival of countless species.",a,a,0.6277142550817034,0.37228574491829663
28,Government interference in personal transportation choices can lead to unnecessary regulations and bureaucracy.,b,b,0.3075289334986133,0.6924710665013867
29,"The rapid changes in our climate are disrupting ecosystems, putting many species at risk of extinction.",a,a,0.5928934072845441,0.4071065927154559
30,The transition to renewables is not only environmentally necessary but also economically viable in the long term.,a,a,0.6303464260228785,0.3696535739771215
31,"Investments in renewable energy, driven by climate change regulations, can be risky and unproven compared to traditional energy sources.",b,a,0.560070443832819,0.439929556167181
32,"The cost of transitioning to a fully renewable energy system, including storage and grid upgrades, is prohibitively high.",b,a,0.513557155812332,0.4864428441876681
33,Implementing a carbon tax is a straightforward way to make polluters pay for the environmental damage they cause.,a,b,0.47909427497711843,0.5209057250228816
34,Economic empowerment is the key to enabling poor communities to protect themselves from the impacts of climate change.,b,a,0.6673856598188146,0.3326143401811854
35,The media's coverage of climate change helps to bring important environmental concerns to the forefront of public discourse.,a,a,0.5096599293330699,0.49034007066693003
36,The transition to a low-carbon economy through climate change regulations is not only necessary but also an opportunity for economic transformation.,a,a,0.6895848472690448,0.3104151527309552
37,Focusing solely on the negative impacts of climate change on biodiversity fails to consider the potential for new species to emerge.,b,b,0.44386353753641394,0.5561364624635861
38,"Focusing on climate change diverts crucial resources from immediate problems like hunger, poverty, and lack of clean water.",b,b,0.3853222901821104,0.6146777098178896
39,"Climate change is a natural cycle of the Earth, much like the ice ages, and is not significantly influenced by humans.",b,a,0.5004273807707641,0.4995726192292359
40,"Mandatory climate change education could be seen as indoctrination, not education, by prioritizing one perspective over all others.",b,b,0.28994615171940274,0.7100538482805973
41,"The climate models predicting catastrophic warming rely too heavily on assumptions about human impact, ignoring natural climate variability.",b,b,0.30474736672743163,0.6952526332725684
42,"Climate change is not just warming the planet; it's disrupting entire ecosystems, making it impossible for many species to survive.",a,a,0.6549984236756464,0.3450015763243536
43,Ignoring the immediate effects of climate change on the poorest communities worldwide is a failure to protect the most vulnerable.,a,a,0.7910357690830816,0.20896423091691835
44,"We're not even sure if green technology can deliver on its promises, so why risk it?",b,b,0.43406570426599744,0.5659342957340026
45,Scientists have consistently shown that the melting of ice caps is accelerating due to human activities.,a,a,0.6719520286288011,0.3280479713711989
46,"Climate has always been changing, and what we're seeing now is just part of Earth's natural cycle.",b,b,0.28405221857831464,0.7159477814216854
47,The free market is the most efficient way to determine which energy sources are viable and sustainable in the long run.,b,a,0.5958031958716477,0.4041968041283523
48,Renewable energy subsidies are an effective way to reduce greenhouse gas emissions and combat climate change.,a,a,0.824037031598294,0.17596296840170597
49,Carbon pricing is like putting a band-aid on a bullet wound; it doesn't address the root cause and hurts the vulnerable.,b,b,0.4804672468376241,0.5195327531623759
50,"Reducing meat consumption can significantly decrease the demand for livestock farming, which is a major contributor to greenhouse gas emissions.",a,a,0.6205144376836482,0.3794855623163518
51,"Without strict environmental policies, we're risking irreversible damage to our planet and future generations.",a,a,0.6750735675882529,0.3249264324117471
52,The focus on green technology diverts attention and resources from solving today's economic problems.,b,b,0.20167324913262674,0.7983267508673733
53,Government intervention is crucial to overcome the initial high costs and market barriers facing renewable energy.,a,b,0.4836962090531517,0.5163037909468483
54,Introducing the concept of climate refugees could open floodgates to unmanageable numbers of migrants.,b,b,0.3520773505001742,0.6479226494998258
55,"The narrative driven by youth movements can be polarizing, hindering bipartisan support for climate initiatives.",b,a,0.5093672574054842,0.49063274259451584
56,Protecting biodiversity requires stringent climate change regulations to mitigate the impacts of global warming on various species.,a,a,0.7449396748093988,0.2550603251906012
57,"Government support for renewables sends a strong message that the future lies in clean energy, not fossil fuels.",a,a,0.5773461714471524,0.4226538285528476
58,Carbon pricing is an unfair solution that places the brunt of climate change mitigation on the shoulders of the most vulnerable.,b,a,0.7049011684599831,0.295098831540017
59,"Renewable energy sources require a lot of space and environmental resources, which could lead to other ecological issues.",b,b,0.3371839101028865,0.6628160898971135
60,Climate change education is crucial for preparing our children to deal with future environmental challenges.,a,a,0.6925536913807475,0.30744630861925243
61,The increasing temperature and prolonged drought conditions due to climate change are creating ideal conditions for wildfires.,a,a,0.6123305631907449,0.38766943680925514
62,The loss of ice in polar regions is a direct consequence of human-induced global warming and it's accelerating faster than predicted.,a,a,0.7981497983834756,0.20185020161652442
63,"Agricultural technology, such as precision farming, increases yield while reducing water and fertilizer use, making us ready for climate challenges.",b,b,0.3561545747469421,0.6438454252530579
64,"Poor communities lack the infrastructure to deal with climate change, making them more susceptible to its devastating effects.",a,a,0.5665578975115508,0.4334421024884492
65,Subsidies for renewable energy are necessary to level the playing field and encourage innovation.,a,a,0.6265006122475525,0.37349938775244745
66,"Forcing countries into agreements can lead to resentment and non-compliance, making the problem worse.",b,b,0.3583194873654838,0.6416805126345162
67,"Rising CO2 levels, a direct result of human activity, are a significant driver of global warming.",a,a,0.6867044473855081,0.31329555261449193
68,Choosing more plant-based meals is a powerful action against the climate crisis caused by high levels of meat consumption.,a,a,0.5977172936615439,0.4022827063384561
69,"Investing heavily in green technology now is premature, as advancements in these technologies are still needed to make them economically viable.",b,a,0.5667700988477138,0.4332299011522862
70,"Carbon pricing reflects the true cost of carbon emissions, incorporating environmental damage into the cost of polluting activities.",a,a,0.6780481119495126,0.32195188805048736
71,"Introducing mandatory climate change topics is an overreach of government into education, pushing a specific agenda.",b,b,0.43281833886935017,0.5671816611306498
72,"Agricultural technology is evolving rapidly, offering solutions to the food security challenges presented by climate change.",b,a,0.559309835498468,0.440690164501532
73,The future of food security in the face of climate change lies in our ability to innovate and adapt agricultural practices.,b,a,0.6306914030396935,0.36930859696030655
74,"Green technology investments are a win-win, offering both environmental benefits and the potential for substantial economic growth through innovation.",a,a,0.5589159863711909,0.4410840136288091
75,"Carbon pricing is just one part of a comprehensive strategy to combat climate change, and it's showing promising results.",a,a,0.6539943803843147,0.34600561961568527
76,"Why should the government decide how I get to work? My car, my choice.",b,b,0.3304298894830119,0.6695701105169881
77,"The threat of climate change to global biodiversity is real and immediate, with many species already suffering.",a,a,0.7038157821978595,0.2961842178021405
78,Millions of people living in low-lying areas are at risk of losing their homes due to sea level rise.,a,a,0.609425655893894,0.3905743441061061
79,"To effectively combat the future threat of wildfires, we must acknowledge and address the role of climate change in their increasing prevalence.",a,a,0.691676841234423,0.3083231587655771
80,The idea of climate refugees is just an excuse for people to bypass regular immigration procedures.,b,b,0.4855098286215008,0.5144901713784992
81,"The focus should be on mitigating climate change at its source, not on relocating populations.",b,b,0.26930938961244677,0.7306906103875532
82,Concerns about species extinction due to climate change ignore the adaptive capabilities of nature.,b,b,0.4146133623830579,0.5853866376169421
83,We cannot wait for economic development to solve all problems; climate change is an urgent issue that needs immediate action to protect vulnerable communities.,a,a,0.6677331699551904,0.3322668300448096
84,Cutting down on meat consumption is crucial for reducing our carbon footprint and fighting global warming.,a,a,0.769800479417092,0.23019952058290805
85,"Investing in renewable energy should be the role of private sector investment, not government subsidies.",b,b,0.4198227559861034,0.5801772440138966
86,The revenue from carbon pricing can be used to fund renewable energy projects and help transition to a low-carbon economy.,a,a,0.6226950943515888,0.3773049056484112
87,The economic costs of adhering to international climate agreements can stifle innovation and competitiveness.,b,b,0.2962762827520442,0.7037237172479558
88,The definition of a climate refugee is too vague and could lead to legal and logistical challenges in implementation.,b,b,0.3122246427618597,0.6877753572381403
89,Investing heavily in renewable energy will lead to higher taxes and energy costs for consumers.,b,b,0.3512430480408101,0.6487569519591899
90,Climate change regulations are essential for reducing greenhouse gas emissions and slowing global warming.,a,a,0.9058222173560908,0.09417778264390919
91,The plight of the poorest in the face of climate change is a clear call to prioritize environmental over economic concerns.,a,a,0.7296398493682426,0.2703601506317574
92,Media reports on rising sea levels tend to be alarmist and do not reflect the uncertainty in scientific predictions.,b,b,0.49705187606694456,0.5029481239330554
93,Renewable energy technologies should reach a point where they can compete on their own merits in the market.,b,b,0.29958623922894023,0.7004137607710598
94,Human-induced climate change is accelerating the loss of biodiversity at an alarming rate.,a,a,0.7746840173707964,0.22531598262920363
95,"The emphasis should be on improving car technology for better fuel efficiency and lower emissions, rather than restricting their use.",b,b,0.24231743054833643,0.7576825694516636
96,"The real change will come from regulating industrial emissions, not from individuals giving up meat.",b,b,0.3973273139503427,0.6026726860496573
97,"Invasive species, bolstered by climate change, are outcompeting native species and driving them to extinction.",a,a,0.6322687411754621,0.36773125882453794
98,"Climate change is not just warming our planet, it's fueling the fires that ravage our forests and homes.",a,a,0.7018480566871264,0.2981519433128737
99,Countries are diverse; a one-size-fits-all approach to climate change is impractical and unjust.,b,a,0.5683240655354502,0.4316759344645498
100,"If we start accepting climate refugees, it could set a precedent that undermines our national sovereignty.",b,b,0.28713960981322506,0.7128603901867749
101,The emphasis on doomsday scenarios in climate reporting can cause despair instead of encouraging action.,b,b,0.3751477147203466,0.6248522852796534
102,Renewable energy sources are becoming more affordable and are key to a sustainable future.,a,a,0.7662604022314693,0.23373959776853073
103,"Carbon pricing just makes life harder for the poor, who already struggle to pay their bills.",b,a,0.5077909062918253,0.4922090937081747
104,Claims of a consensus on human-caused climate change ignore the substantial number of scientists who see evidence of natural patterns.,b,b,0.44506521233470975,0.5549347876652903
105,"By enforcing climate change regulations, we can significantly reduce air and water pollution, benefiting public health.",a,a,0.7106372892561623,0.28936271074383774
106,Personal vehicle ownership is a matter of freedom and convenience that the government has no right to interfere with.,b,b,0.37064648251228294,0.6293535174877171
107,The emphasis on climate change in education can detract from other fundamental subjects that students need for a well-rounded education.,b,b,0.3663014530994222,0.6336985469005778
108,Accurate reporting on climate change is crucial for educating the public and encouraging action.,a,a,0.8038464132235584,0.19615358677644157
109,"Supporting climate refugees is not just about providing shelter, but also ensuring they have access to education and employment.",a,a,0.6640151006084738,0.33598489939152615
110,Renewable energy should stand on its own merits and compete in the marketplace without government support.,b,b,0.38471819226198634,0.6152818077380137
111,"Climate change is accelerating the frequency of droughts, which in turn endangers the food security for millions of people.",a,a,0.7085375864367174,0.29146241356328256
112,Imposing restrictions on car usage infringes on individual freedoms and personal choice.,b,b,0.29413872980227096,0.705861270197729
113,Every reputable study points to the same conclusion: human-induced climate change is causing the ice caps to melt.,a,a,0.7011165861872712,0.2988834138127288
114,Countries that have prioritized economic growth over environmental concerns are now better equipped to invest in green technologies.,b,b,0.398506412786237,0.601493587213763
115,The narrative of rising sea levels is just another way for governments to control us.,b,b,0.409250051513785,0.590749948486215
116,We must invest in solar and wind energy now to prevent catastrophic climate change.,a,a,0.5880741249653814,0.4119258750346186
117,"There's evidence to suggest that ice caps have melted and reformed naturally, well before industrialization.",b,b,0.32514856637488754,0.6748514336251125
118,Government intervention in the energy sector often leads to regulatory capture and corruption.,b,b,0.25072509846989666,0.7492749015301033
119,Government interference in personal transportation choices is a slippery slope to losing more of our freedoms.,b,b,0.454280609179305,0.545719390820695
120,The narrative that climate change will lead to mass extinctions oversimplifies the complex interactions within ecosystems.,b,b,0.34770738771383247,0.6522926122861675
121,Delaying action on climate change will result in irreversible damage to our planet.,a,a,0.7271834679538843,0.27281653204611567
122,Many scientists agree that changes in the ice caps are not solely due to human activity.,b,b,0.42930318551056146,0.5706968144894385
123,"Improving the economic status of the poorest communities should be our first priority, as it lays the foundation for addressing climate change.",b,b,0.48080928859794236,0.5191907114020576
124,"The poorest communities are the first to suffer from the harsh impacts of climate change, like floods and droughts.",a,a,0.6462697583760482,0.3537302416239519
125,Mandatory climate change education can empower the next generation to make informed decisions about sustainability and conservation.,a,a,0.6457312892546636,0.35426871074533645
126,Their innovative approaches and use of social media have galvanized global support for climate action.,a,a,0.6379064265177217,0.3620935734822783
127,"Increased temperatures and changing rainfall patterns are causing more frequent droughts, directly impacting food production.",a,a,0.696796639910698,0.303203360089302
128,Government initiatives to promote public transportation and cycling are necessary to address the urgent issue of climate change.,a,a,0.7086177778739448,0.29138222212605525
129,The growth of the green tech industry has already shown promising signs of driving economic prosperity while tackling environmental issues.,a,a,0.5419024731009117,0.45809752689908834
130,"By pouring money into green technology, we risk neglecting more proven and immediate ways to stimulate economic growth and job creation.",b,a,0.5298899047870839,0.47011009521291613
131,"Ocean acidification, a direct result of increased CO2 levels, is devastating marine ecosystems and the species that rely on them.",a,a,0.5108564661656091,0.4891435338343909
132,Countries should not be forced to compromise their economic interests for global climate goals.,b,b,0.27568890692352366,0.7243110930764763
133,Alarmists exaggerate the impact of current climate changes; species are more resilient than we think.,b,b,0.36169415088954304,0.638305849110457
134,International agreements on climate change are necessary to hold countries accountable for their environmental impact.,a,a,0.6164022475629991,0.38359775243700084
135,Claims about the melting ice caps leading to a global crisis are often based on speculative models rather than concrete evidence.,b,b,0.4552133481853573,0.5447866518146427
136,Focusing too much on climate change in schools can instill unnecessary fear and anxiety in young children about their future.,b,b,0.4502128944190811,0.5497871055809189
137,"The increased incidence of pests and diseases, driven by warmer temperatures, is reducing crop yields and affecting food security.",a,a,0.6577124038359841,0.342287596164016
138,The alarmism surrounding polar ice melt detracts from a more balanced understanding of the Earth's climate system and natural variability.,b,b,0.40186325649486754,0.5981367435051325
139,"Climate change poses a serious threat to food security, but with the right technological advancements, we can protect our global food supply.",b,a,0.5684832363211865,0.4315167636788135
140,"Substantial investments in green technology could divert essential funds from sectors that need immediate attention, potentially leading to economic downturns.",b,b,0.38634661876242016,0.6136533812375798
141,Species extinction rates are accelerating due to the rapid changes in climate caused by human activity.,a,a,0.5628304180160923,0.4371695819839077
142,The media's focus on climate change is not about creating panic but ensuring that the issue receives the attention it deserves.,a,b,0.36623100423570865,0.6337689957642914
143,Educating students about climate change is not political; it's about ensuring they are prepared for the realities of their future.,a,a,0.5898529946596822,0.4101470053403177
144,The global community has a moral obligation to assist those displaced by environmental disasters.,a,a,0.618813083930916,0.3811869160690839
145,Economic empowerment of poor communities is a more tangible goal than the often abstract and long-term goals of climate change mitigation.,b,a,0.5081547572078784,0.49184524279212166
146,"Climate change education often comes with a bias towards certain political and economic solutions, which may not be universally accepted.",b,b,0.23818259404833042,0.7618174059516696
147,Granting asylum to climate refugees is an act of humanity and solidarity.,a,a,0.6764281414087027,0.32357185859129733
148,No country can effectively combat climate change alone; international cooperation is essential.,a,a,0.7871408105370101,0.21285918946298993
149,Adaptation and natural selection are part of evolution; species will evolve to meet the challenges of climate change.,b,b,0.3776018458034849,0.6223981541965151
150,Attributing the rise in wildfires solely to climate change ignores the complex interplay of natural variables.,b,b,0.40073638607112483,0.5992636139288752
151,"Climate change regulations often result in higher energy prices, burdening consumers and small businesses.",b,b,0.3291382405984943,0.6708617594015057
152,"Many scientists argue that variations in the earth's climate, including the size of ice caps, are part of natural cycles beyond human control.",b,b,0.29384292626442376,0.7061570737355762
153,"Livestock farming produces a significant amount of methane, a potent greenhouse gas, which is why we need to eat less meat.",a,a,0.5840086510362716,0.4159913489637283
154,Youth movements tend to underestimate the time and incremental progress needed to implement large-scale environmental changes.,b,b,0.4759283250428611,0.5240716749571389
155,Investing in green technology not only addresses climate change but also improves public health by reducing pollution.,a,a,0.8079795208549551,0.19202047914504494
156,Carbon pricing is a flexible and efficient approach that allows businesses to choose how best to reduce their emissions.,a,a,0.6024176176250492,0.3975823823749508
157,"As climate change worsens, we'll see more frequent droughts that will devastate crops, leading to severe food shortages.",a,a,0.6475411821442532,0.3524588178557469
158,The media's role in raising awareness about climate change is critical in the fight against global warming.,a,a,0.8360739483628287,0.16392605163717133
159,The media should prioritize stories on climate change to highlight its impact on our planet.,a,a,0.5346988783287383,0.46530112167126164
